Filename,Predictions
1\1_1_25.jpg,7
1\1_1_36.jpg,7
1\1_1_53.jpg,7
1\1_1_63.jpg,7
1\1_2_29.jpg,7
1\1_2_36.jpg,7
1\1_2_43.jpg,7
1\1_2_44.jpg,7
1\1_2_6.jpg,7
1\1_2_8.jpg,7
1\1_3_0.jpg,7
1\1_3_6.jpg,7
1\1_4_37.jpg,7
1\1_4_5.jpg,7
1\1_4_7.jpg,7
2\2_1_34.jpg,7
2\2_1_49.jpg,7
2\2_1_58.jpg,7
2\2_1_85.jpg,7
2\2_2_12.jpg,7
2\2_2_20.jpg,7
2\2_2_21.jpg,7
2\2_2_28.jpg,7
2\2_2_3.jpg,7
2\2_2_39.jpg,7
2\2_2_70.jpg,7
2\2_2_8.jpg,7
2\2_2_84.jpg,7
2\2_3_1.jpg,7
2\2_3_13.jpg,7
2\2_3_19.jpg,7
2\2_3_3.jpg,7
2\2_3_33.jpg,7
2\2_3_4.jpg,7
2\2_3_46.jpg,7
2\2_3_50.jpg,7
2\2_3_55.jpg,7
2\2_3_65.jpg,7
2\2_3_74.jpg,7
2\2_3_9.jpg,7
2\2_4_1.jpg,7
3\3_1_18.jpg,7
3\3_1_32.jpg,7
3\3_1_42.jpg,7
3\3_1_67.jpg,7
3\3_1_76.jpg,7
3\3_1_82.jpg,7
3\3_1_84.jpg,7
3\3_1_91.jpg,7
3\3_1_93.jpg,7
3\3_2_10.jpg,7
3\3_2_36.jpg,7
3\3_2_47.jpg,7
3\3_2_5.jpg,7
3\3_2_58.jpg,7
3\3_2_61.jpg,7
3\3_2_70.jpg,7
3\3_3_0.jpg,7
3\3_3_11.jpg,7
3\3_3_17.jpg,7
3\3_3_23.jpg,7
3\3_3_28.jpg,7
3\3_3_31.jpg,7
3\3_3_40.jpg,7
3\3_3_54.jpg,7
3\3_4_13.jpg,7
3\3_4_5.jpg,7
4\4_1_24.jpg,7
4\4_1_34.jpg,7
4\4_1_5.jpg,7
4\4_1_60.jpg,7
4\4_2_19.jpg,7
4\4_2_25.jpg,7
4\4_2_31.jpg,7
4\4_2_32.jpg,7
4\4_2_38.jpg,7
4\4_2_4.jpg,7
4\4_2_41.jpg,7
4\4_2_47.jpg,7
4\4_2_77.jpg,7
4\4_3_5.jpg,7
4\4_3_8.jpg,7
4\4_4_7.jpg,7
4\4_4_9.jpg,7
5\5_1_26.jpg,7
5\5_1_38.jpg,7
5\5_1_54.jpg,7
5\5_1_66.jpg,7
5\5_2_28.jpg,7
5\5_2_34.jpg,7
5\5_2_40.jpg,7
5\5_2_41.jpg,7
5\5_2_46.jpg,7
5\5_2_48.jpg,7
5\5_2_5.jpg,7
5\5_2_57.jpg,7
5\5_2_78.jpg,7
5\5_2_84.jpg,7
5\5_2_94.jpg,7
5\5_2_97.jpg,7
5\5_4_3.jpg,7
6\6_1_24.jpg,7
6\6_1_34.jpg,7
6\6_1_50.jpg,7
6\6_1_63.jpg,7
6\6_2_13.jpg,7
6\6_2_2.jpg,7
6\6_2_27.jpg,7
6\6_2_28.jpg,7
6\6_2_32.jpg,7
6\6_2_34.jpg,7
6\6_2_37.jpg,7
6\6_2_42.jpg,7
6\6_2_70.jpg,7
6\6_2_80.jpg,7
6\6_2_83.jpg,7
6\6_2_92.jpg,7
6\6_2_99.jpg,7
6\6_4_1.jpg,7
6\6_4_7.jpg,7
7\7_1_32.jpg,7
7\7_1_49.jpg,7
7\7_1_60.jpg,7
7\7_1_92.jpg,7
7\7_2_0.jpg,7
7\7_2_15.jpg,7
7\7_2_16.jpg,7
7\7_2_20.jpg,7
7\7_2_22.jpg,7
7\7_2_30.jpg,7
7\7_2_60.jpg,7
7\7_2_73.jpg,7
7\7_2_76.jpg,7
7\7_3_10.jpg,7
7\7_3_14.jpg,7
7\7_3_20.jpg,7
7\7_3_3.jpg,7
7\7_3_32.jpg,7
7\7_3_38.jpg,7
7\7_3_44.jpg,7
7\7_3_48.jpg,7
7\7_3_51.jpg,7
7\7_3_61.jpg,7
7\7_3_70.jpg,7
7\7_3_86.jpg,7
7\7_3_94.jpg,7
8\8_1_24.jpg,7
8\8_1_34.jpg,7
8\8_1_5.jpg,7
8\8_1_62.jpg,7
8\8_2_24.jpg,7
8\8_2_30.jpg,7
8\8_2_34.jpg,7
8\8_2_37.jpg,7
8\8_2_38.jpg,7
8\8_2_42.jpg,7
8\8_2_44.jpg,7
8\8_2_46.jpg,7
8\8_2_55.jpg,7
8\8_4_4.jpg,7
8\8_4_8.jpg,7
